{"layout":"L shape right","description":"3 regions in an L shape, on the right","regions":{"4519":"L shape right-0","4520":"L shape right-1","4521":"L shape right-2"},"drawers":[],"layoutDefinitions":{"layoutId":2376,"ownerId":4,"campaignId":1198,"parentId":null,"publishedStatusId":1,"publishedStatus":"Published","publishedDate":null,"backgroundImageId":null,"schemaVersion":3,"layout":"L shape right","description":"3 regions in an L shape, on the right","backgroundColor":"#000","createdDt":"2023-05-18T20:08:58.000000Z","modifiedDt":"2023-05-18T20:09:14.000000Z","status":4,"retired":0,"backgroundzIndex":0,"width":1920,"height":1080,"orientation":"landscape","displayOrder":null,"duration":0,"statusMessage":"[\"Empty Region\"]","enableStat":1,"autoApplyTransitions":1,"code":null,"regions":[{"regionId":4519,"layoutId":2376,"ownerId":4,"name":"L shape right-0","width":1536,"height":864,"top":0,"left":0,"zIndex":0,"regionOptions":[],"permissions":[],"duration":0,"isDrawer":0,"actions":[],"tempId":null,"regionPlaylist":{"playlistId":4576,"ownerId":4,"name":"L shape right-0","regionId":4519,"isDynamic":0,"filterMediaName":null,"filterMediaNameLogicalOperator":"OR","filterMediaTags":null,"filterExactTags":"0","filterMediaTagsLogicalOperator":"OR","maxNumberOfItems":0,"createdDt":"2023-05-18 21:08:58","modifiedDt":"2023-05-18 21:08:58","duration":0,"requiresDurationUpdate":1,"enableStat":null,"tags":[],"widgets":[],"permissions":[],"tempId":null,"owner":"dan","groupsWithPermissions":null,"folderId":34,"permissionsFolderId":1}},{"regionId":4520,"layoutId":2376,"ownerId":4,"name":"L shape right-1","width":1920,"height":216,"top":864,"left":0,"zIndex":0,"regionOptions":[],"permissions":[],"duration":0,"isDrawer":0,"actions":[],"tempId":null,"regionPlaylist":{"playlistId":4577,"ownerId":4,"name":"L shape right-1","regionId":4520,"isDynamic":0,"filterMediaName":null,"filterMediaNameLogicalOperator":"OR","filterMediaTags":null,"filterExactTags":"0","filterMediaTagsLogicalOperator":"OR","maxNumberOfItems":0,"createdDt":"2023-05-18 21:08:58","modifiedDt":"2023-05-18 21:08:58","duration":0,"requiresDurationUpdate":1,"enableStat":null,"tags":[],"widgets":[],"permissions":[],"tempId":null,"owner":"dan","groupsWithPermissions":null,"folderId":34,"permissionsFolderId":1}},{"regionId":4521,"layoutId":2376,"ownerId":4,"name":"L shape right-2","width":384,"height":864,"top":0,"left":1536,"zIndex":0,"regionOptions":[],"permissions":[],"duration":0,"isDrawer":0,"actions":[],"tempId":null,"regionPlaylist":{"playlistId":4578,"ownerId":4,"name":"L shape right-2","regionId":4521,"isDynamic":0,"filterMediaName":null,"filterMediaNameLogicalOperator":"OR","filterMediaTags":null,"filterExactTags":"0","filterMediaTagsLogicalOperator":"OR","maxNumberOfItems":0,"createdDt":"2023-05-18 21:08:58","modifiedDt":"2023-05-18 21:08:58","duration":0,"requiresDurationUpdate":1,"enableStat":null,"tags":[],"widgets":[],"permissions":[],"tempId":null,"owner":"dan","groupsWithPermissions":null,"folderId":34,"permissionsFolderId":1}}],"tags":[{"tag":"template"}],"drawers":[],"actions":[],"permissions":[],"campaigns":[],"owner":"dan","groupsWithPermissions":null,"folderId":34,"permissionsFolderId":1}}