{"layout":"POP Layout 1","description":"","regions":{"462":"POP Layout 1-1","463":"POP Layout 1-2","464":"POP Layout 1-3","465":"POP Layout 1-4","466":"POP Layout 1-5"},"drawers":{"461":"Untitled 2023-05-30 14:11:03-1 - drawer"},"layoutDefinitions":{"layoutId":231,"ownerId":1,"campaignId":166,"parentId":null,"publishedStatusId":1,"publishedStatus":"Published","publishedDate":null,"backgroundImageId":null,"schemaVersion":3,"layout":"POP Layout 1","description":"","backgroundColor":"#000000","createdDt":"2023-06-06T07:53:04.000000Z","modifiedDt":"2023-06-06T09:15:25.000000Z","status":1,"retired":0,"backgroundzIndex":0,"width":1920,"height":1080,"orientation":"landscape","displayOrder":null,"duration":10,"statusMessage":null,"enableStat":0,"autoApplyTransitions":0,"code":null,"isLocked":null,"regions":[{"regionId":462,"layoutId":231,"ownerId":1,"type":"frame","name":"POP Layout 1-1","width":250,"height":250,"top":138,"left":117,"zIndex":0,"regionOptions":[],"permissions":[],"duration":10,"isDrawer":0,"actions":[],"tempId":null,"regionPlaylist":{"playlistId":464,"ownerId":1,"name":"POP Layout 1-1","regionId":462,"isDynamic":0,"filterMediaName":null,"filterMediaNameLogicalOperator":"OR","filterMediaTags":null,"filterExactTags":0,"filterMediaTagsLogicalOperator":"OR","maxNumberOfItems":0,"createdDt":"2023-06-06 10:14:11","modifiedDt":"2023-06-06 10:14:12","duration":0,"requiresDurationUpdate":1,"enableStat":null,"tags":[],"widgets":[{"widgetId":310,"playlistId":464,"ownerId":1,"type":"image","duration":10,"displayOrder":1,"useDuration":0,"calculatedDuration":10,"createdDt":1686042851,"modifiedDt":1686042851,"fromDt":0,"toDt":2147483647,"schemaVersion":1,"transitionIn":null,"transitionOut":null,"transitionDurationIn":null,"transitionDurationOut":null,"widgetOptions":[],"mediaIds":[1406],"audio":[],"permissions":[],"playlist":"POP Layout 1-1","actions":[],"tempId":null,"tempWidgetId":null,"isValid":false,"isNew":false,"folderId":1,"permissionsFolderId":1,"isDynamic":0}],"permissions":[],"tempId":null,"owner":"xibo_admin","groupsWithPermissions":null,"folderId":1,"permissionsFolderId":1}},{"regionId":463,"layoutId":231,"ownerId":1,"type":"frame","name":"POP Layout 1-2","width":250,"height":250,"top":136,"left":435,"zIndex":0,"regionOptions":[{"regionId":463,"option":"loop","value":"0"},{"regionId":463,"option":"transitionDirection","value":null},{"regionId":463,"option":"transitionDuration","value":null},{"regionId":463,"option":"transitionType","value":null}],"permissions":[],"duration":10,"isDrawer":0,"actions":[],"tempId":null,"regionPlaylist":{"playlistId":465,"ownerId":1,"name":"POP Layout 1-2","regionId":463,"isDynamic":0,"filterMediaName":null,"filterMediaNameLogicalOperator":"OR","filterMediaTags":null,"filterExactTags":0,"filterMediaTagsLogicalOperator":"OR","maxNumberOfItems":0,"createdDt":"2023-06-06 10:14:15","modifiedDt":"2023-06-06 10:14:53","duration":0,"requiresDurationUpdate":1,"enableStat":null,"tags":[],"widgets":[{"widgetId":311,"playlistId":465,"ownerId":1,"type":"image","duration":10,"displayOrder":1,"useDuration":0,"calculatedDuration":10,"createdDt":1686042855,"modifiedDt":1686042855,"fromDt":0,"toDt":2147483647,"schemaVersion":1,"transitionIn":null,"transitionOut":null,"transitionDurationIn":null,"transitionDurationOut":null,"widgetOptions":[],"mediaIds":[1405],"audio":[],"permissions":[],"playlist":"POP Layout 1-2","actions":[],"tempId":null,"tempWidgetId":null,"isValid":false,"isNew":false,"folderId":1,"permissionsFolderId":1,"isDynamic":0}],"permissions":[],"tempId":null,"owner":"xibo_admin","groupsWithPermissions":null,"folderId":1,"permissionsFolderId":1}},{"regionId":464,"layoutId":231,"ownerId":1,"type":"frame","name":"POP Layout 1-3","width":250,"height":250,"top":134,"left":1065,"zIndex":0,"regionOptions":[{"regionId":464,"option":"loop","value":"0"},{"regionId":464,"option":"transitionDirection","value":null},{"regionId":464,"option":"transitionDuration","value":null},{"regionId":464,"option":"transitionType","value":null}],"permissions":[],"duration":10,"isDrawer":0,"actions":[],"tempId":null,"regionPlaylist":{"playlistId":466,"ownerId":1,"name":"POP Layout 1-3","regionId":464,"isDynamic":0,"filterMediaName":null,"filterMediaNameLogicalOperator":"OR","filterMediaTags":null,"filterExactTags":0,"filterMediaTagsLogicalOperator":"OR","maxNumberOfItems":0,"createdDt":"2023-06-06 10:14:24","modifiedDt":"2023-06-06 10:15:04","duration":0,"requiresDurationUpdate":1,"enableStat":null,"tags":[],"widgets":[{"widgetId":312,"playlistId":466,"ownerId":1,"type":"image","duration":10,"displayOrder":1,"useDuration":0,"calculatedDuration":10,"createdDt":1686042864,"modifiedDt":1686042864,"fromDt":0,"toDt":2147483647,"schemaVersion":1,"transitionIn":null,"transitionOut":null,"transitionDurationIn":null,"transitionDurationOut":null,"widgetOptions":[],"mediaIds":[1407],"audio":[],"permissions":[],"playlist":"POP Layout 1-3","actions":[],"tempId":null,"tempWidgetId":null,"isValid":false,"isNew":false,"folderId":1,"permissionsFolderId":1,"isDynamic":0}],"permissions":[],"tempId":null,"owner":"xibo_admin","groupsWithPermissions":null,"folderId":1,"permissionsFolderId":1}},{"regionId":465,"layoutId":231,"ownerId":1,"type":"frame","name":"POP Layout 1-4","width":250,"height":250,"top":137,"left":755,"zIndex":0,"regionOptions":[{"regionId":465,"option":"loop","value":"0"},{"regionId":465,"option":"transitionDirection","value":null},{"regionId":465,"option":"transitionDuration","value":null},{"regionId":465,"option":"transitionType","value":null}],"permissions":[],"duration":10,"isDrawer":0,"actions":[],"tempId":null,"regionPlaylist":{"playlistId":467,"ownerId":1,"name":"POP Layout 1-4","regionId":465,"isDynamic":0,"filterMediaName":null,"filterMediaNameLogicalOperator":"OR","filterMediaTags":null,"filterExactTags":0,"filterMediaTagsLogicalOperator":"OR","maxNumberOfItems":0,"createdDt":"2023-06-06 10:14:35","modifiedDt":"2023-06-06 10:15:00","duration":0,"requiresDurationUpdate":1,"enableStat":null,"tags":[],"widgets":[{"widgetId":313,"playlistId":467,"ownerId":1,"type":"image","duration":10,"displayOrder":1,"useDuration":0,"calculatedDuration":10,"createdDt":1686042876,"modifiedDt":1686042876,"fromDt":0,"toDt":2147483647,"schemaVersion":1,"transitionIn":null,"transitionOut":null,"transitionDurationIn":null,"transitionDurationOut":null,"widgetOptions":[],"mediaIds":[1408],"audio":[],"permissions":[],"playlist":"POP Layout 1-4","actions":[],"tempId":null,"tempWidgetId":null,"isValid":false,"isNew":false,"folderId":1,"permissionsFolderId":1,"isDynamic":0}],"permissions":[],"tempId":null,"owner":"xibo_admin","groupsWithPermissions":null,"folderId":1,"permissionsFolderId":1}},{"regionId":466,"layoutId":231,"ownerId":1,"type":"frame","name":"POP Layout 1-5","width":250,"height":250,"top":132,"left":1380,"zIndex":0,"regionOptions":[{"regionId":466,"option":"loop","value":"0"},{"regionId":466,"option":"transitionDirection","value":null},{"regionId":466,"option":"transitionDuration","value":null},{"regionId":466,"option":"transitionType","value":null}],"permissions":[],"duration":10,"isDrawer":0,"actions":[],"tempId":null,"regionPlaylist":{"playlistId":468,"ownerId":1,"name":"POP Layout 1-5","regionId":466,"isDynamic":0,"filterMediaName":null,"filterMediaNameLogicalOperator":"OR","filterMediaTags":null,"filterExactTags":0,"filterMediaTagsLogicalOperator":"OR","maxNumberOfItems":0,"createdDt":"2023-06-06 10:14:39","modifiedDt":"2023-06-06 10:15:07","duration":0,"requiresDurationUpdate":1,"enableStat":null,"tags":[],"widgets":[{"widgetId":314,"playlistId":468,"ownerId":1,"type":"image","duration":10,"displayOrder":1,"useDuration":0,"calculatedDuration":10,"createdDt":1686042879,"modifiedDt":1686042879,"fromDt":0,"toDt":2147483647,"schemaVersion":1,"transitionIn":null,"transitionOut":null,"transitionDurationIn":null,"transitionDurationOut":null,"widgetOptions":[],"mediaIds":[1409],"audio":[],"permissions":[],"playlist":"POP Layout 1-5","actions":[],"tempId":null,"tempWidgetId":null,"isValid":false,"isNew":false,"folderId":1,"permissionsFolderId":1,"isDynamic":0}],"permissions":[],"tempId":null,"owner":"xibo_admin","groupsWithPermissions":null,"folderId":1,"permissionsFolderId":1}}],"tags":[{"tag":"imported","tagId":4,"value":null}],"drawers":[{"regionId":461,"layoutId":231,"ownerId":1,"type":"drawer","name":"Untitled 2023-05-30 14:11:03-1 - drawer","width":1920,"height":1080,"top":0,"left":0,"zIndex":0,"regionOptions":[],"permissions":[],"duration":0,"isDrawer":1,"actions":[],"tempId":null,"regionPlaylist":{"playlistId":463,"ownerId":1,"name":"Untitled 2023-05-30 14:11:03-1 - drawer","regionId":461,"isDynamic":0,"filterMediaName":null,"filterMediaNameLogicalOperator":"OR","filterMediaTags":null,"filterExactTags":0,"filterMediaTagsLogicalOperator":"OR","maxNumberOfItems":0,"createdDt":"2023-06-06 08:53:04","modifiedDt":"2023-06-06 08:53:04","duration":0,"requiresDurationUpdate":1,"enableStat":null,"tags":[],"widgets":[],"permissions":[],"tempId":null,"owner":"xibo_admin","groupsWithPermissions":null,"folderId":1,"permissionsFolderId":1}}],"actions":[],"permissions":[],"campaigns":[],"owner":"xibo_admin","groupsWithPermissions":null,"folderId":1,"permissionsFolderId":1}}