<?xml version="1.0"?>
<layout width="1920" height="1080" bgcolor="#000000" schemaVersion="3" enableStat="0"><region id="462" width="250" height="250" top="138" left="117"><options/><media id="310" schemaVersion="1" type="image" render="native" duration="10" useDuration="0" fromDt="1970-01-01 01:00:00" toDt="2038-01-19 03:14:07" enableStat="0" fileId="1406"><options><uri>1406.png</uri><scaleType>center</scaleType><alignId>center</alignId><valignId>middle</valignId></options><raw/></media></region><region id="463" width="250" height="250" top="136" left="435"><options><loop>0</loop><transitionDirection/><transitionDuration/><transitionType/></options><media id="311" schemaVersion="1" type="image" render="native" duration="10" useDuration="0" fromDt="1970-01-01 01:00:00" toDt="2038-01-19 03:14:07" enableStat="0" fileId="1405"><options><uri>1405.png</uri><scaleType>center</scaleType><alignId>center</alignId><valignId>middle</valignId></options><raw/></media></region><region id="464" width="250" height="250" top="134" left="1065"><options><loop>0</loop><transitionDirection/><transitionDuration/><transitionType/></options><media id="312" schemaVersion="1" type="image" render="native" duration="10" useDuration="0" fromDt="1970-01-01 01:00:00" toDt="2038-01-19 03:14:07" enableStat="0" fileId="1407"><options><uri>1407.png</uri><scaleType>center</scaleType><alignId>center</alignId><valignId>middle</valignId></options><raw/></media></region><region id="465" width="250" height="250" top="137" left="755"><options><loop>0</loop><transitionDirection/><transitionDuration/><transitionType/></options><media id="313" schemaVersion="1" type="image" render="native" duration="10" useDuration="0" fromDt="1970-01-01 01:00:00" toDt="2038-01-19 03:14:07" enableStat="0" fileId="1408"><options><uri>1408.png</uri><scaleType>center</scaleType><alignId>center</alignId><valignId>middle</valignId></options><raw/></media></region><region id="466" width="250" height="250" top="132" left="1380"><options><loop>0</loop><transitionDirection/><transitionDuration/><transitionType/></options><media id="314" schemaVersion="1" type="image" render="native" duration="10" useDuration="0" fromDt="1970-01-01 01:00:00" toDt="2038-01-19 03:14:07" enableStat="0" fileId="1409"><options><uri>1409.png</uri><scaleType>center</scaleType><alignId>center</alignId><valignId>middle</valignId></options><raw/></media></region><drawer id="461" width="1920" height="1080" top="0" left="0"><options/></drawer><tags/></layout>
