[{"file":"child_folder_media.png","mediaid":1409,"name":"child_folder_media","type":"image","duration":10,"background":0,"font":0,"tags":[]},{"file":"media_for_not_empty_folder.png","mediaid":1408,"name":"media_for_not_empty_folder","type":"image","duration":10,"background":0,"font":0,"tags":[]},{"file":"media_for_search_in_folder.png","mediaid":1407,"name":"media_for_search_in_folder","type":"image","duration":10,"background":0,"font":0,"tags":[]},{"file":"test12.png","mediaid":1406,"name":"test12","type":"image","duration":10,"background":0,"font":0,"tags":[]},{"file":"test34.png","mediaid":1405,"name":"test34","type":"image","duration":10,"background":0,"font":0,"tags":[]}]