{"layout":"Full Screen","description":"Full screen content","regions":{"4509":"Full Screen-0"},"drawers":[],"layoutDefinitions":{"layoutId":2372,"ownerId":4,"campaignId":1196,"parentId":null,"publishedStatusId":1,"publishedStatus":"Published","publishedDate":null,"backgroundImageId":null,"schemaVersion":3,"layout":"Full Screen","description":"Full screen content","backgroundColor":"#000","createdDt":"2023-05-18T20:06:59.000000Z","modifiedDt":"2023-05-18T20:09:21.000000Z","status":4,"retired":0,"backgroundzIndex":0,"width":1920,"height":1080,"orientation":"landscape","displayOrder":null,"duration":0,"statusMessage":"[\"Empty Region\"]","enableStat":1,"autoApplyTransitions":1,"code":"","regions":[{"regionId":4509,"layoutId":2372,"ownerId":4,"name":"Full Screen-0","width":1920,"height":1080,"top":0,"left":0,"zIndex":0,"regionOptions":[],"permissions":[],"duration":0,"isDrawer":0,"actions":[],"tempId":null,"regionPlaylist":{"playlistId":4566,"ownerId":4,"name":"Full Screen-0","regionId":4509,"isDynamic":0,"filterMediaName":null,"filterMediaNameLogicalOperator":"OR","filterMediaTags":null,"filterExactTags":"0","filterMediaTagsLogicalOperator":"OR","maxNumberOfItems":0,"createdDt":"2023-05-18 21:06:59","modifiedDt":"2023-05-18 21:08:33","duration":0,"requiresDurationUpdate":1,"enableStat":null,"tags":[],"widgets":[],"permissions":[],"tempId":null,"owner":"dan","groupsWithPermissions":null,"folderId":34,"permissionsFolderId":1}}],"tags":[{"tag":"template"}],"drawers":[],"actions":[],"permissions":[],"campaigns":[],"owner":"dan","groupsWithPermissions":null,"folderId":34,"permissionsFolderId":1}}