<?xml version="1.0"?>
<layout width="1920" height="1080" bgcolor="#03031a" schemaVersion="3" enableStat="0" background="54.jpg"><region id="70" width="267" height="157" top="16" left="24"><options/><media id="57" type="image" render="native" duration="60" useDuration="1" fromDt="1970-01-01 01:00:00" toDt="2038-01-19 03:14:07" enableStat="0" fileId="53"><options><uri>53.png</uri><align>center</align><enableStat>Inherit</enableStat><name>Company Logo</name><scaleType>center</scaleType><valign>middle</valign></options><raw/></media></region><region id="71" width="1109" height="216" top="290" left="413"><options/><media id="58" type="text" render="native" duration="10" useDuration="1" fromDt="1970-01-01 01:00:00" toDt="2038-01-19 03:14:07" enableStat="0"><options><effect>none</effect><enableStat>Inherit</enableStat><lowerLimit>0</lowerLimit><name>Header Text</name><ta_text_advanced>0</ta_text_advanced><upperLimit>0</upperLimit><xmds>1</xmds></options><raw><text><![CDATA[<p style="text-align: center;"><span style="color:#FFFFFF;"><span style="font-size: 48px;">powered by...</span></span></p>

<p style="text-align: center;"><strong><span style="font-size:96px;"><span style="color:#FFFFFF;">Xibo Digital Signage</span></span></strong></p>
]]></text></raw></media></region><region id="72" width="1626" height="145" top="618" left="147"><options/><media id="59" type="spacer" render="html" duration="5" useDuration="1" fromDt="1970-01-01 01:00:00" toDt="2038-01-19 03:14:07" enableStat="0"><options><enableStat>Inherit</enableStat><lowerLimit>0</lowerLimit><upperLimit>0</upperLimit></options><raw/></media><media id="60" type="text" render="native" duration="20" useDuration="1" fromDt="1970-01-01 01:00:00" toDt="2038-01-19 03:14:07" enableStat="0"><options><effect>fade</effect><enableStat>Inherit</enableStat><lowerLimit>0</lowerLimit><name>Explainer Text</name><speed>6000</speed><ta_text_advanced>0</ta_text_advanced><upperLimit>0</upperLimit><xmds>1</xmds></options><raw><text><![CDATA[<p style="text-align: center;"><span style="color:#FFFFFF;"><span style="font-size: 48px;">This is the Default Layout to assign to displays</span></span></p>

<p style="text-align: center;"><span style="color:#FFFFFF;"><span style="font-size: 48px;">It will be shown when nothing else is scheduled</span></span></p>

<p style="text-align: center;"><span style="font-size: 48px;"><span style="color:#FFFFFF;">Edit this Default Layout to personalise or create your own to assign to </span><span style="color: #fcfce5;">your displays!</span></span></p>

<p>&nbsp;</p>
]]></text></raw></media></region><region id="73" width="126" height="58" top="971" left="1741"><options/><media id="61" type="clock" render="html" duration="1" useDuration="0" fromDt="1970-01-01 01:00:00" toDt="2038-01-19 03:14:07" enableStat="0"><options><clockFace>TwentyFourHourClock</clockFace><clockTypeId>2</clockTypeId><enableStat>Inherit</enableStat><lowerLimit>0</lowerLimit><offset>0</offset><showSeconds>1</showSeconds><ta_text_advanced>0</ta_text_advanced><theme>1</theme><upperLimit>0</upperLimit></options><raw><format><![CDATA[<p style="text-align: justify;"><span style="color:#FFFFFF;"><span style="font-size: 48px;">[HH:mm]</span></span></p>
]]></format></raw></media></region><tags><tag>imported</tag></tags></layout>
