<?xml version="1.0"?>
<layout width="1920" height="1080" bgcolor="#03031a" schemaVersion="3" enableStat="0" background="889.jpg"><region id="374" width="267.4200" height="157.2800" top="15.9800" left="23.9900"><options><loop>0</loop><transitionDirection>N</transitionDirection><transitionDuration/><transitionType/></options><media id="865" type="image" render="native" duration="60" useDuration="1" fromDt="1970-01-01 01:00:00" toDt="2038-01-19 03:14:07" enableStat="0" fileId="446"><options><uri>446.png</uri><align>center</align><enableStat>Inherit</enableStat><name>Company Logo</name><scaleType>center</scaleType><valign>middle</valign></options><raw/></media></region><region id="375" width="1108.9900" height="215.7900" top="289.9800" left="412.9700"><options><loop>0</loop><transitionDirection>N</transitionDirection><transitionDuration/><transitionType/></options><media id="866" type="text" render="native" duration="10" useDuration="1" fromDt="1970-01-01 01:00:00" toDt="2038-01-19 03:14:07" enableStat="0"><options><effect>none</effect><enableStat>Inherit</enableStat><lowerLimit>0</lowerLimit><name>Header Text</name><ta_text_advanced>1</ta_text_advanced><upperLimit>0</upperLimit><xmds>1</xmds></options><raw><text><![CDATA[<p style="text-align: center;"><span style="font-family:open sans regular;"><span style="color:#FFFFFF;"><span style="font-size: 48px;">powered by...</span></span></span></p>

<p style="text-align: center;"><strong><span style="font-size:96px;"><span style="font-family:open sans regular;"><span style="color:#FFFFFF;">Xibo Digital Signage</span></span></span></strong></p>
]]></text></raw></media></region><region id="376" width="1626.0000" height="145.0000" top="618.0000" left="147.0000"><options><loop>0</loop><transitionDirection>N</transitionDirection><transitionDuration/><transitionType/></options><media id="867" type="spacer" render="html" duration="5" useDuration="1" fromDt="1970-01-01 01:00:00" toDt="2038-01-19 03:14:07" enableStat="0"><options><enableStat>Inherit</enableStat><lowerLimit>0</lowerLimit><upperLimit>0</upperLimit></options><raw/></media><media id="868" type="text" render="native" duration="20" useDuration="1" fromDt="1970-01-01 01:00:00" toDt="2038-01-19 03:14:07" enableStat="0"><options><effect>fade</effect><enableStat>Inherit</enableStat><lowerLimit>0</lowerLimit><name>Explainer Text</name><speed>6000</speed><ta_text_advanced>1</ta_text_advanced><upperLimit>0</upperLimit><xmds>1</xmds></options><raw><text><![CDATA[<p style="text-align: center;"><span style="color:#FFFFFF;"><span style="font-family:open sans regular;"><span style="font-size: 48px;">This is the Default Layout to assign to displays</span></span></span></p>

<p style="text-align: center;"><span style="font-family:open sans regular;"><span style="color:#FFFFFF;"><span style="font-size: 48px;">It will be shown when nothing else is scheduled</span></span></span></p>

<p style="text-align: center;"><span style="font-family:open sans regular;"><span style="font-size: 48px;"><span style="color:#FFFFFF;">Edit this Default Layout to personalise or create your own to assign to </span><span style="color: #fcfce5;">your displays!</span></span></span></p>

<p>&nbsp;</p>
]]></text></raw></media></region><region id="377" width="126.4700" height="57.9700" top="970.9800" left="1741.3000"><options><loop>0</loop><transitionDirection>N</transitionDirection><transitionDuration/><transitionType/></options><media id="869" type="clock" render="html" duration="1" useDuration="0" fromDt="1970-01-01 01:00:00" toDt="2038-01-19 03:14:07" enableStat="0"><options><clockFace>TwentyFourHourClock</clockFace><clockTypeId>2</clockTypeId><enableStat>Inherit</enableStat><lowerLimit>0</lowerLimit><offset>0</offset><showSeconds>1</showSeconds><ta_text_advanced>1</ta_text_advanced><theme>1</theme><upperLimit>0</upperLimit></options><raw><format><![CDATA[<p style="text-align: justify;"><span style="font-family:open sans regular;"><span style="color:#FFFFFF;"><span style="font-size: 48px;">[HH:mm]</span></span></span></p>
]]></format></raw></media></region><tags/></layout>
