{"layout":"Default Layout","description":"Default Layout assigned to Players to show in the event scheduled content cannot be shown.","regions":{"70":"Logo","71":"Header","72":"Explainer","73":"Time"},"layoutDefinitions":{"layoutId":55,"ownerId":1,"campaignId":42,"parentId":null,"publishedStatusId":1,"publishedStatus":"Published","publishedDate":null,"backgroundImageId":54,"schemaVersion":3,"layout":"Default Layout","description":"Default Layout assigned to Players to show in the event scheduled content cannot be shown.","backgroundColor":"#03031a","createdDt":"2020-05-29 17:12:46","modifiedDt":"2020-05-29 17:14:27","status":1,"retired":0,"backgroundzIndex":0,"width":1920,"height":1080,"displayOrder":null,"duration":60,"statusMessage":null,"enableStat":0,"autoApplyTransitions":0,"regions":[{"regionId":70,"layoutId":55,"ownerId":1,"name":"Logo","width":"267","height":"157","top":"16","left":"24","zIndex":0,"regionOptions":[],"permissions":[],"duration":"60","tempId":null,"regionPlaylist":{"playlistId":74,"ownerId":1,"name":"Logo","regionId":70,"isDynamic":0,"filterMediaName":null,"filterMediaTags":null,"createdDt":"2020-05-29 17:12:47","modifiedDt":"2020-05-29 17:12:49","duration":"0","requiresDurationUpdate":1,"enableStat":null,"tags":[],"widgets":[{"widgetId":57,"playlistId":74,"ownerId":1,"type":"image","duration":60,"displayOrder":"1","useDuration":1,"calculatedDuration":60,"createdDt":1590763718,"modifiedDt":1590768767,"fromDt":0,"toDt":2147483647,"transitionIn":null,"transitionOut":null,"transitionDurationIn":null,"transitionDurationOut":null,"widgetOptions":[{"widgetId":57,"type":"attrib","option":"align","value":"center"},{"widgetId":57,"type":"attrib","option":"enableStat","value":"Inherit"},{"widgetId":57,"type":"attrib","option":"name","value":"Company Logo"},{"widgetId":57,"type":"attrib","option":"scaleType","value":"center"},{"widgetId":57,"type":"attrib","option":"uri","value":"53.png"},{"widgetId":57,"type":"attrib","option":"valign","value":"middle"}],"mediaIds":["53"],"audio":[],"permissions":[],"playlist":"Logo","tempId":null,"isNew":false}],"permissions":[],"tempId":null,"tagValues":null,"owner":"dan","groupsWithPermissions":null}},{"regionId":71,"layoutId":55,"ownerId":1,"name":"Header","width":"1109","height":"216","top":"290","left":"413","zIndex":0,"regionOptions":[],"permissions":[],"duration":"10","tempId":null,"regionPlaylist":{"playlistId":75,"ownerId":1,"name":"Header","regionId":71,"isDynamic":0,"filterMediaName":null,"filterMediaTags":null,"createdDt":"2020-05-29 17:12:47","modifiedDt":"2020-05-29 17:12:49","duration":"0","requiresDurationUpdate":1,"enableStat":null,"tags":[],"widgets":[{"widgetId":58,"playlistId":75,"ownerId":1,"type":"text","duration":10,"displayOrder":"1","useDuration":1,"calculatedDuration":10,"createdDt":1590763718,"modifiedDt":1590768795,"fromDt":0,"toDt":2147483647,"transitionIn":null,"transitionOut":null,"transitionDurationIn":null,"transitionDurationOut":null,"widgetOptions":[{"widgetId":58,"type":"attrib","option":"backgroundColor","value":null},{"widgetId":58,"type":"attrib","option":"effect","value":"none"},{"widgetId":58,"type":"attrib","option":"enableStat","value":"Inherit"},{"widgetId":58,"type":"attrib","option":"lowerLimit","value":"0"},{"widgetId":58,"type":"attrib","option":"marqueeInlineSelector","value":null},{"widgetId":58,"type":"attrib","option":"name","value":"Header Text"},{"widgetId":58,"type":"attrib","option":"speed","value":null},{"widgetId":58,"type":"attrib","option":"ta_text_advanced","value":"0"},{"widgetId":58,"type":"attrib","option":"upperLimit","value":"0"},{"widgetId":58,"type":"attrib","option":"xmds","value":"1"},{"widgetId":58,"type":"cdata","option":"javaScript","value":""},{"widgetId":58,"type":"cdata","option":"text","value":"<p style=\"text-align: center;\"><span style=\"color:#FFFFFF;\"><span style=\"font-size: 48px;\">powered by...<\/span><\/span><\/p>\r\n\r\n<p style=\"text-align: center;\"><strong><span style=\"font-size:96px;\"><span style=\"color:#FFFFFF;\">Xibo Digital Signage<\/span><\/span><\/strong><\/p>\r\n"}],"mediaIds":[],"audio":[],"permissions":[],"playlist":"Header","tempId":null,"isNew":false}],"permissions":[],"tempId":null,"tagValues":null,"owner":"dan","groupsWithPermissions":null}},{"regionId":72,"layoutId":55,"ownerId":1,"name":"Explainer","width":"1626","height":"145","top":"618","left":"147","zIndex":0,"regionOptions":[],"permissions":[],"duration":"25","tempId":null,"regionPlaylist":{"playlistId":76,"ownerId":1,"name":"Explainer","regionId":72,"isDynamic":0,"filterMediaName":null,"filterMediaTags":null,"createdDt":"2020-05-29 17:12:47","modifiedDt":"2020-05-29 17:12:49","duration":"0","requiresDurationUpdate":1,"enableStat":null,"tags":[],"widgets":[{"widgetId":59,"playlistId":76,"ownerId":1,"type":"spacer","duration":5,"displayOrder":"1","useDuration":1,"calculatedDuration":5,"createdDt":1590763718,"modifiedDt":1590768767,"fromDt":0,"toDt":2147483647,"transitionIn":null,"transitionOut":null,"transitionDurationIn":null,"transitionDurationOut":null,"widgetOptions":[{"widgetId":59,"type":"attrib","option":"enableStat","value":"Inherit"},{"widgetId":59,"type":"attrib","option":"lowerLimit","value":"0"},{"widgetId":59,"type":"attrib","option":"upperLimit","value":"0"}],"mediaIds":[],"audio":[],"permissions":[],"playlist":"Explainer","tempId":null,"isNew":false},{"widgetId":60,"playlistId":76,"ownerId":1,"type":"text","duration":20,"displayOrder":"2","useDuration":1,"calculatedDuration":20,"createdDt":1590763718,"modifiedDt":1590768825,"fromDt":0,"toDt":2147483647,"transitionIn":null,"transitionOut":null,"transitionDurationIn":null,"transitionDurationOut":null,"widgetOptions":[{"widgetId":60,"type":"attrib","option":"backgroundColor","value":null},{"widgetId":60,"type":"attrib","option":"effect","value":"fade"},{"widgetId":60,"type":"attrib","option":"enableStat","value":"Inherit"},{"widgetId":60,"type":"attrib","option":"lowerLimit","value":"0"},{"widgetId":60,"type":"attrib","option":"marqueeInlineSelector","value":null},{"widgetId":60,"type":"attrib","option":"name","value":"Explainer Text"},{"widgetId":60,"type":"attrib","option":"speed","value":"6000"},{"widgetId":60,"type":"attrib","option":"ta_text_advanced","value":"0"},{"widgetId":60,"type":"attrib","option":"upperLimit","value":"0"},{"widgetId":60,"type":"attrib","option":"xmds","value":"1"},{"widgetId":60,"type":"cdata","option":"javaScript","value":""},{"widgetId":60,"type":"cdata","option":"text","value":"<p style=\"text-align: center;\"><span style=\"color:#FFFFFF;\"><span style=\"font-size: 48px;\">This is the Default Layout to assign to displays<\/span><\/span><\/p>\r\n\r\n<p style=\"text-align: center;\"><span style=\"color:#FFFFFF;\"><span style=\"font-size: 48px;\">It will be shown when nothing else is scheduled<\/span><\/span><\/p>\r\n\r\n<p style=\"text-align: center;\"><span style=\"font-size: 48px;\"><span style=\"color:#FFFFFF;\">Edit this Default Layout to personalise or create your own to assign to <\/span><span style=\"color: #fcfce5;\">your displays!<\/span><\/span><\/p>\r\n\r\n<p>&nbsp;<\/p>\r\n"}],"mediaIds":[],"audio":[],"permissions":[],"playlist":"Explainer","tempId":null,"isNew":false}],"permissions":[],"tempId":null,"tagValues":null,"owner":"dan","groupsWithPermissions":null}},{"regionId":73,"layoutId":55,"ownerId":1,"name":"Time","width":"126","height":"58","top":"971","left":"1741","zIndex":0,"regionOptions":[],"permissions":[],"duration":"5","tempId":null,"regionPlaylist":{"playlistId":77,"ownerId":1,"name":"Time","regionId":73,"isDynamic":0,"filterMediaName":null,"filterMediaTags":null,"createdDt":"2020-05-29 17:12:47","modifiedDt":"2020-05-29 17:12:49","duration":"0","requiresDurationUpdate":1,"enableStat":null,"tags":[],"widgets":[{"widgetId":61,"playlistId":77,"ownerId":1,"type":"clock","duration":1,"displayOrder":"1","useDuration":0,"calculatedDuration":5,"createdDt":1590763718,"modifiedDt":1590768854,"fromDt":0,"toDt":2147483647,"transitionIn":null,"transitionOut":null,"transitionDurationIn":null,"transitionDurationOut":null,"widgetOptions":[{"widgetId":61,"type":"attrib","option":"clockFace","value":"TwentyFourHourClock"},{"widgetId":61,"type":"attrib","option":"clockTypeId","value":"2"},{"widgetId":61,"type":"attrib","option":"enableStat","value":"Inherit"},{"widgetId":61,"type":"attrib","option":"lowerLimit","value":"0"},{"widgetId":61,"type":"attrib","option":"name","value":null},{"widgetId":61,"type":"attrib","option":"offset","value":"0"},{"widgetId":61,"type":"attrib","option":"showSeconds","value":"1"},{"widgetId":61,"type":"attrib","option":"ta_text_advanced","value":"0"},{"widgetId":61,"type":"attrib","option":"theme","value":"1"},{"widgetId":61,"type":"attrib","option":"upperLimit","value":"0"},{"widgetId":61,"type":"cdata","option":"format","value":"<p style=\"text-align: justify;\"><span style=\"color:#FFFFFF;\"><span style=\"font-size: 48px;\">[HH:mm]<\/span><\/span><\/p>\r\n"}],"mediaIds":[],"audio":[],"permissions":[],"playlist":"Time","tempId":null,"isNew":false}],"permissions":[],"tempId":null,"tagValues":null,"owner":"dan","groupsWithPermissions":null}}],"tags":[{"tagId":5,"tag":"imported","isSystem":0,"isRequired":0,"options":null,"layouts":[],"playlists":[],"campaigns":[],"medias":[],"displayGroups":[],"value":null}],"permissions":[],"campaigns":[],"owner":"dan","groupsWithPermissions":null,"tagValues":"NULL"}}