{"layout":"Default Layout","description":"Default Layout assigned to Players to show in the event scheduled content cannot be shown.","regions":{"374":"Logo","375":"Header","376":"Explainer","377":"Time"},"layoutDefinitions":{"layoutId":152,"ownerId":8,"campaignId":102,"parentId":null,"publishedStatusId":1,"publishedStatus":"Published","publishedDate":null,"backgroundImageId":889,"schemaVersion":3,"layout":"Default Layout","description":"Default Layout assigned to Players to show in the event scheduled content cannot be shown.","backgroundColor":"#03031a","createdDt":"2020-03-12 11:12:46","modifiedDt":"2020-03-12 11:34:44","status":1,"retired":0,"backgroundzIndex":0,"width":1920,"height":1080,"displayOrder":null,"duration":60,"statusMessage":null,"enableStat":0,"autoApplyTransitions":0,"regions":[{"regionId":374,"layoutId":152,"ownerId":8,"name":"Logo","width":"267.4200","height":"157.2800","top":"15.9800","left":"23.9900","zIndex":0,"regionOptions":[{"regionId":374,"option":"loop","value":"0"},{"regionId":374,"option":"transitionDirection","value":"N"},{"regionId":374,"option":"transitionDuration","value":null},{"regionId":374,"option":"transitionType","value":null}],"permissions":[],"duration":"60","tempId":null,"regionPlaylist":{"playlistId":397,"ownerId":8,"name":"Logo","regionId":374,"isDynamic":0,"filterMediaName":null,"filterMediaTags":null,"createdDt":"2020-03-12 11:12:46","modifiedDt":"2020-03-12 11:25:00","duration":"60","enableStat":null,"tags":[],"widgets":[{"widgetId":865,"playlistId":397,"ownerId":8,"type":"image","duration":60,"displayOrder":"1","useDuration":1,"calculatedDuration":60,"createdDt":1584012228,"modifiedDt":1584012251,"fromDt":0,"toDt":2147483647,"transitionIn":null,"transitionOut":null,"transitionDurationIn":null,"transitionDurationOut":null,"widgetOptions":[{"widgetId":865,"type":"attrib","option":"align","value":"center"},{"widgetId":865,"type":"attrib","option":"enableStat","value":"Inherit"},{"widgetId":865,"type":"attrib","option":"name","value":"Company Logo"},{"widgetId":865,"type":"attrib","option":"scaleType","value":"center"},{"widgetId":865,"type":"attrib","option":"valign","value":"middle"}],"mediaIds":["446"],"audio":[],"permissions":[],"playlist":"Logo","tempId":null,"isNew":false}],"permissions":[],"tempId":null,"tagValues":null,"owner":"natasha","groupsWithPermissions":null}},{"regionId":375,"layoutId":152,"ownerId":8,"name":"Header","width":"1108.9900","height":"215.7900","top":"289.9800","left":"412.9700","zIndex":0,"regionOptions":[{"regionId":375,"option":"loop","value":"0"},{"regionId":375,"option":"transitionDirection","value":"N"},{"regionId":375,"option":"transitionDuration","value":null},{"regionId":375,"option":"transitionType","value":null}],"permissions":[],"duration":"10","tempId":null,"regionPlaylist":{"playlistId":398,"ownerId":8,"name":"Header","regionId":375,"isDynamic":0,"filterMediaName":null,"filterMediaTags":null,"createdDt":"2020-03-12 11:19:52","modifiedDt":"2020-03-12 11:30:01","duration":"10","enableStat":null,"tags":[],"widgets":[{"widgetId":866,"playlistId":398,"ownerId":8,"type":"text","duration":10,"displayOrder":"1","useDuration":1,"calculatedDuration":10,"createdDt":1584012308,"modifiedDt":1584012424,"fromDt":0,"toDt":2147483647,"transitionIn":null,"transitionOut":null,"transitionDurationIn":null,"transitionDurationOut":null,"widgetOptions":[{"widgetId":866,"type":"attrib","option":"backgroundColor","value":null},{"widgetId":866,"type":"attrib","option":"effect","value":"none"},{"widgetId":866,"type":"attrib","option":"enableStat","value":"Inherit"},{"widgetId":866,"type":"attrib","option":"lowerLimit","value":"0"},{"widgetId":866,"type":"attrib","option":"marqueeInlineSelector","value":null},{"widgetId":866,"type":"attrib","option":"name","value":"Header Text"},{"widgetId":866,"type":"attrib","option":"speed","value":null},{"widgetId":866,"type":"attrib","option":"ta_text_advanced","value":"1"},{"widgetId":866,"type":"attrib","option":"upperLimit","value":"0"},{"widgetId":866,"type":"attrib","option":"xmds","value":"1"},{"widgetId":866,"type":"cdata","option":"javaScript","value":""},{"widgetId":866,"type":"cdata","option":"text","value":"<p style=\"text-align: center;\"><span style=\"font-family:open sans regular;\"><span style=\"color:#FFFFFF;\"><span style=\"font-size: 48px;\">powered by...<\/span><\/span><\/span><\/p>\r\n\r\n<p style=\"text-align: center;\"><strong><span style=\"font-size:96px;\"><span style=\"font-family:open sans regular;\"><span style=\"color:#FFFFFF;\">Xibo Digital Signage<\/span><\/span><\/span><\/strong><\/p>\r\n"}],"mediaIds":[],"audio":[],"permissions":[],"playlist":"Header","tempId":null,"isNew":false}],"permissions":[],"tempId":null,"tagValues":null,"owner":"natasha","groupsWithPermissions":null}},{"regionId":376,"layoutId":152,"ownerId":8,"name":"Explainer","width":"1626.0000","height":"145.0000","top":"618.0000","left":"147.0000","zIndex":0,"regionOptions":[{"regionId":376,"option":"loop","value":"0"},{"regionId":376,"option":"transitionDirection","value":"N"},{"regionId":376,"option":"transitionDuration","value":null},{"regionId":376,"option":"transitionType","value":null}],"permissions":[],"duration":"25","tempId":null,"regionPlaylist":{"playlistId":399,"ownerId":8,"name":"Explainer","regionId":376,"isDynamic":0,"filterMediaName":null,"filterMediaTags":null,"createdDt":"2020-03-12 11:20:24","modifiedDt":"2020-03-12 11:35:01","duration":"25","enableStat":null,"tags":[],"widgets":[{"widgetId":867,"playlistId":399,"ownerId":8,"type":"spacer","duration":5,"displayOrder":"1","useDuration":1,"calculatedDuration":5,"createdDt":1584012442,"modifiedDt":1584012453,"fromDt":0,"toDt":2147483647,"transitionIn":null,"transitionOut":null,"transitionDurationIn":null,"transitionDurationOut":null,"widgetOptions":[{"widgetId":867,"type":"attrib","option":"enableStat","value":"Inherit"},{"widgetId":867,"type":"attrib","option":"lowerLimit","value":"0"},{"widgetId":867,"type":"attrib","option":"name","value":null},{"widgetId":867,"type":"attrib","option":"upperLimit","value":"0"}],"mediaIds":[],"audio":[],"permissions":[],"playlist":"Explainer","tempId":null,"isNew":false},{"widgetId":868,"playlistId":399,"ownerId":8,"type":"text","duration":20,"displayOrder":"2","useDuration":1,"calculatedDuration":20,"createdDt":1584012485,"modifiedDt":1584012676,"fromDt":0,"toDt":2147483647,"transitionIn":null,"transitionOut":null,"transitionDurationIn":null,"transitionDurationOut":null,"widgetOptions":[{"widgetId":868,"type":"attrib","option":"backgroundColor","value":null},{"widgetId":868,"type":"attrib","option":"effect","value":"fade"},{"widgetId":868,"type":"attrib","option":"enableStat","value":"Inherit"},{"widgetId":868,"type":"attrib","option":"lowerLimit","value":"0"},{"widgetId":868,"type":"attrib","option":"marqueeInlineSelector","value":null},{"widgetId":868,"type":"attrib","option":"name","value":"Explainer Text"},{"widgetId":868,"type":"attrib","option":"speed","value":"6000"},{"widgetId":868,"type":"attrib","option":"ta_text_advanced","value":"1"},{"widgetId":868,"type":"attrib","option":"upperLimit","value":"0"},{"widgetId":868,"type":"attrib","option":"xmds","value":"1"},{"widgetId":868,"type":"cdata","option":"javaScript","value":""},{"widgetId":868,"type":"cdata","option":"text","value":"<p style=\"text-align: center;\"><span style=\"color:#FFFFFF;\"><span style=\"font-family:open sans regular;\"><span style=\"font-size: 48px;\">This is the Default Layout to assign to displays<\/span><\/span><\/span><\/p>\r\n\r\n<p style=\"text-align: center;\"><span style=\"font-family:open sans regular;\"><span style=\"color:#FFFFFF;\"><span style=\"font-size: 48px;\">It will be shown when nothing else is scheduled<\/span><\/span><\/span><\/p>\r\n\r\n<p style=\"text-align: center;\"><span style=\"font-family:open sans regular;\"><span style=\"font-size: 48px;\"><span style=\"color:#FFFFFF;\">Edit this Default Layout to personalise or create your own to assign to <\/span><span style=\"color: #fcfce5;\">your displays!<\/span><\/span><\/span><\/p>\r\n\r\n<p>&nbsp;<\/p>\r\n"}],"mediaIds":[],"audio":[],"permissions":[],"playlist":"Explainer","tempId":null,"isNew":false}],"permissions":[],"tempId":null,"tagValues":null,"owner":"natasha","groupsWithPermissions":null}},{"regionId":377,"layoutId":152,"ownerId":8,"name":"Time","width":"126.4700","height":"57.9700","top":"970.9800","left":"1741.3000","zIndex":0,"regionOptions":[{"regionId":377,"option":"loop","value":"0"},{"regionId":377,"option":"transitionDirection","value":"N"},{"regionId":377,"option":"transitionDuration","value":null},{"regionId":377,"option":"transitionType","value":null}],"permissions":[],"duration":"5","tempId":null,"regionPlaylist":{"playlistId":400,"ownerId":8,"name":"Time","regionId":377,"isDynamic":0,"filterMediaName":null,"filterMediaTags":null,"createdDt":"2020-03-12 11:21:04","modifiedDt":"2020-03-12 11:35:01","duration":"5","enableStat":null,"tags":[],"widgets":[{"widgetId":869,"playlistId":400,"ownerId":8,"type":"clock","duration":5,"displayOrder":"1","useDuration":0,"calculatedDuration":5,"createdDt":1584012708,"modifiedDt":1584012764,"fromDt":0,"toDt":2147483647,"transitionIn":null,"transitionOut":null,"transitionDurationIn":null,"transitionDurationOut":null,"widgetOptions":[{"widgetId":869,"type":"attrib","option":"clockFace","value":"TwentyFourHourClock"},{"widgetId":869,"type":"attrib","option":"clockTypeId","value":"2"},{"widgetId":869,"type":"attrib","option":"enableStat","value":"Inherit"},{"widgetId":869,"type":"attrib","option":"lowerLimit","value":"0"},{"widgetId":869,"type":"attrib","option":"name","value":null},{"widgetId":869,"type":"attrib","option":"offset","value":"0"},{"widgetId":869,"type":"attrib","option":"showSeconds","value":"1"},{"widgetId":869,"type":"attrib","option":"ta_text_advanced","value":"1"},{"widgetId":869,"type":"attrib","option":"theme","value":"1"},{"widgetId":869,"type":"attrib","option":"upperLimit","value":"0"},{"widgetId":869,"type":"cdata","option":"format","value":"<p style=\"text-align: justify;\"><span style=\"font-family:open sans regular;\"><span style=\"color:#FFFFFF;\"><span style=\"font-size: 48px;\">[HH:mm]<\/span><\/span><\/span><\/p>\r\n"}],"mediaIds":[],"audio":[],"permissions":[],"playlist":"Time","tempId":null,"isNew":false}],"permissions":[],"tempId":null,"tagValues":null,"owner":"natasha","groupsWithPermissions":null}}],"tags":[],"permissions":[],"campaigns":[],"owner":"natasha","groupsWithPermissions":null,"tagValues":null}}
