{
    "description": "Displays need a default layout to show when no content is available, or when there is a problem with the scheduled content.",
    "drawers": {
        "4592": "Default Layout-1 - drawer"
    },
    "layout": "Default Layout",
    "layoutDefinitions": {
        "actions": [
        ],
        "autoApplyTransitions": 1,
        "backgroundColor": "#263964",
        "backgroundImageId": null,
        "backgroundzIndex": 0,
        "campaignId": 1211,
        "campaigns": [
        ],
        "code": null,
        "createdDt": "2023-09-02 14:00:57",
        "description": "Displays need a default layout to show when no content is available, or when there is a problem with the scheduled content.",
        "displayOrder": null,
        "drawers": [
            {
                "actions": [
                ],
                "duration": 0,
                "height": 1080,
                "isDrawer": 1,
                "layoutId": 2410,
                "left": 0,
                "name": "Default Layout-1 - drawer",
                "ownerId": 4,
                "permissions": [
                ],
                "regionId": 4592,
                "regionOptions": [
                ],
                "regionPlaylist": {
                    "createdDt": "2023-09-02 14:00:57",
                    "duration": 0,
                    "enableStat": null,
                    "filterExactTags": 0,
                    "filterMediaName": null,
                    "filterMediaNameLogicalOperator": "OR",
                    "filterMediaTags": null,
                    "filterMediaTagsLogicalOperator": "OR",
                    "folderId": 1,
                    "groupsWithPermissions": null,
                    "isDynamic": 0,
                    "maxNumberOfItems": 0,
                    "modifiedDt": "2023-09-02 14:00:57",
                    "name": "Default Layout-1 - drawer",
                    "owner": "xibo_admin",
                    "ownerId": 1,
                    "permissions": [
                    ],
                    "permissionsFolderId": 1,
                    "playlistId": 4650,
                    "regionId": 4592,
                    "requiresDurationUpdate": 1,
                    "tags": [
                    ],
                    "tempId": null,
                    "widgets": [
                    ]
                },
                "syncKey": null,
                "tempId": null,
                "top": 0,
                "type": "drawer",
                "width": 1920,
                "zIndex": 0
            }
        ],
        "duration": 60,
        "enableStat": 1,
        "folderId": 1,
        "groupsWithPermissions": null,
        "height": 1080,
        "isLocked": null,
        "layout": "Default Layout",
        "layoutId": 2410,
        "modifiedDt": "2023-09-03 12:00:56",
        "orientation": "landscape",
        "owner": "xibo_admin",
        "ownerId": 1,
        "parentId": null,
        "permissions": [
        ],
        "permissionsFolderId": 1,
        "publishedDate": null,
        "publishedStatus": "Published",
        "publishedStatusId": 1,
        "regions": [
            {
                "actions": [
                ],
                "duration": 60,
                "height": 119,
                "isDrawer": 0,
                "layoutId": 2410,
                "left": 0,
                "name": "",
                "ownerId": 1,
                "permissions": [
                ],
                "regionId": 4600,
                "regionOptions": [
                    {
                        "option": "loop",
                        "regionId": 4600,
                        "value": "0"
                    },
                    {
                        "option": "transitionDirection",
                        "regionId": 4600,
                        "value": null
                    },
                    {
                        "option": "transitionDuration",
                        "regionId": 4600,
                        "value": null
                    },
                    {
                        "option": "transitionType",
                        "regionId": 4600,
                        "value": null
                    }
                ],
                "regionPlaylist": {
                    "createdDt": "2023-09-03 11:18:34",
                    "duration": 0,
                    "enableStat": null,
                    "filterExactTags": 0,
                    "filterMediaName": null,
                    "filterMediaNameLogicalOperator": "OR",
                    "filterMediaTags": null,
                    "filterMediaTagsLogicalOperator": "OR",
                    "folderId": 1,
                    "groupsWithPermissions": null,
                    "isDynamic": 0,
                    "maxNumberOfItems": 0,
                    "modifiedDt": "2023-09-03 11:47:48",
                    "name": "",
                    "owner": "xibo_admin",
                    "ownerId": 1,
                    "permissions": [
                    ],
                    "permissionsFolderId": 1,
                    "playlistId": 4658,
                    "regionId": 4600,
                    "requiresDurationUpdate": 1,
                    "tags": [
                    ],
                    "tempId": null,
                    "widgets": [
                        {
                            "actions": [
                            ],
                            "audio": [
                            ],
                            "calculatedDuration": 60,
                            "createdDt": 1693736314,
                            "displayOrder": 1,
                            "duration": 60,
                            "folderId": 1,
                            "fromDt": 0,
                            "isDynamic": 0,
                            "isNew": false,
                            "isValid": false,
                            "mediaIds": [
                            ],
                            "modifiedDt": 1693738067,
                            "ownerId": 1,
                            "permissions": [
                            ],
                            "permissionsFolderId": 1,
                            "playlist": "",
                            "playlistId": 4658,
                            "schemaVersion": 2,
                            "tempId": null,
                            "tempWidgetId": null,
                            "toDt": 2147483647,
                            "transitionDurationIn": null,
                            "transitionDurationOut": null,
                            "transitionIn": null,
                            "transitionOut": null,
                            "type": "clock-digital",
                            "useDuration": 1,
                            "widgetId": 8186,
                            "widgetOptions": [
                                {
                                    "option": "enableStat",
                                    "type": "attrib",
                                    "value": "Inherit",
                                    "widgetId": 8186
                                },
                                {
                                    "option": "lang",
                                    "type": "attrib",
                                    "value": "",
                                    "widgetId": 8186
                                },
                                {
                                    "option": "name",
                                    "type": "attrib",
                                    "value": "",
                                    "widgetId": 8186
                                },
                                {
                                    "option": "format",
                                    "type": "cdata",
                                    "value": "<p style=\"text-align: center;\"><span style=\"font-size:80px;\"><strong><span style=\"font-family:aileron regular;\"><span style=\"color:#ffffff;\">[LLLL]</span></span></strong></span></p>\r\n",
                                    "widgetId": 8186
                                }
                            ]
                        }
                    ]
                },
                "syncKey": null,
                "tempId": null,
                "top": 960,
                "type": "frame",
                "width": 1920,
                "zIndex": 3
            },
            {
                "actions": [
                ],
                "duration": 60,
                "height": 1080,
                "isDrawer": 0,
                "layoutId": 2410,
                "left": 0,
                "name": "",
                "ownerId": 1,
                "permissions": [
                ],
                "regionId": 4601,
                "regionOptions": [
                ],
                "regionPlaylist": {
                    "createdDt": "2023-09-03 11:36:02",
                    "duration": 0,
                    "enableStat": null,
                    "filterExactTags": 0,
                    "filterMediaName": null,
                    "filterMediaNameLogicalOperator": "OR",
                    "filterMediaTags": null,
                    "filterMediaTagsLogicalOperator": "OR",
                    "folderId": 1,
                    "groupsWithPermissions": null,
                    "isDynamic": 0,
                    "maxNumberOfItems": 0,
                    "modifiedDt": "2023-09-03 11:36:47",
                    "name": "",
                    "owner": "xibo_admin",
                    "ownerId": 1,
                    "permissions": [
                    ],
                    "permissionsFolderId": 1,
                    "playlistId": 4659,
                    "regionId": 4601,
                    "requiresDurationUpdate": 1,
                    "tags": [
                    ],
                    "tempId": null,
                    "widgets": [
                        {
                            "actions": [
                            ],
                            "audio": [
                            ],
                            "calculatedDuration": 60,
                            "createdDt": 1693737362,
                            "displayOrder": 1,
                            "duration": 60,
                            "folderId": 1,
                            "fromDt": 0,
                            "isDynamic": 0,
                            "isNew": false,
                            "isValid": false,
                            "mediaIds": [
                            ],
                            "modifiedDt": 1693738112,
                            "ownerId": 1,
                            "permissions": [
                            ],
                            "permissionsFolderId": 1,
                            "playlist": "",
                            "playlistId": 4659,
                            "schemaVersion": 1,
                            "tempId": null,
                            "tempWidgetId": null,
                            "toDt": 2147483647,
                            "transitionDurationIn": null,
                            "transitionDurationOut": null,
                            "transitionIn": null,
                            "transitionOut": null,
                            "type": "global",
                            "useDuration": 0,
                            "widgetId": 8187,
                            "widgetOptions": [
                                {
                                    "option": "enableStat",
                                    "type": "attrib",
                                    "value": "Off",
                                    "widgetId": 8187
                                },
                                {
                                    "option": "itemsPerPage",
                                    "type": "attrib",
                                    "value": "1",
                                    "widgetId": 8187
                                },
                                {
                                    "option": "name",
                                    "type": "attrib",
                                    "value": "",
                                    "widgetId": 8187
                                },
                                {
                                    "option": "elements",
                                    "type": "raw",
                                    "value": "[{\"widgetId\":8187,\"elements\":[{\"id\":\"text\",\"elementId\":\"element_text_810525\",\"type\":\"global\",\"left\":52,\"top\":21,\"width\":1365,\"height\":827,\"layer\":4,\"rotation\":0,\"properties\":[{\"id\":\"text\",\"value\":\"Engage your audience with Digital Signage!\"},{\"id\":\"fontFamily\",\"value\":\"aileron regular\"},{\"id\":\"fontColor\",\"value\":\"#f9f9f9\"},{\"id\":\"fontSize\",\"value\":\"120\"},{\"id\":\"lineHeight\",\"value\":\"1.2\"},{\"id\":\"bold\",\"value\":true},{\"id\":\"italics\",\"value\":false},{\"id\":\"underline\",\"value\":false},{\"id\":\"textWrap\",\"value\":true},{\"id\":\"justify\",\"value\":false},{\"id\":\"showOverflow\",\"value\":true},{\"id\":\"textShadow\",\"value\":false},{\"id\":\"textShadowColor\",\"value\":\"\"},{\"id\":\"shadowX\",\"value\":\"1\"},{\"id\":\"shadowY\",\"value\":\"1\"},{\"id\":\"shadowBlur\",\"value\":\"2\"},{\"id\":\"horizontalAlign\",\"value\":\"flex-start\"},{\"id\":\"verticalAlign\",\"value\":\"center\"}],\"effect\":\"noTransition\"},{\"id\":\"line\",\"elementId\":\"element_line_213668\",\"type\":\"global\",\"left\":14,\"top\":925,\"width\":1890,\"height\":35,\"layer\":5,\"rotation\":0,\"properties\":[{\"id\":\"lineWidth\",\"value\":\"5\"},{\"id\":\"lineColor\",\"value\":\"#ffffff\"},{\"id\":\"lineStyle\",\"value\":\"solid\"},{\"id\":\"tip1Type\",\"value\":\"circle\"},{\"id\":\"tip2Type\",\"value\":\"circle\"}],\"effect\":\"noTransition\"}]}]",
                                    "widgetId": 8187
                                }
                            ]
                        }
                    ]
                },
                "syncKey": null,
                "tempId": null,
                "top": 0,
                "type": "canvas",
                "width": 1920,
                "zIndex": 0
            },
            {
                "actions": [
                ],
                "duration": 10,
                "height": 210,
                "isDrawer": 0,
                "layoutId": 2410,
                "left": 1496,
                "name": "Default Layout-1",
                "ownerId": 1,
                "permissions": [
                ],
                "regionId": 4590,
                "regionOptions": [
                    {
                        "option": "loop",
                        "regionId": 4590,
                        "value": "0"
                    },
                    {
                        "option": "transitionDirection",
                        "regionId": 4590,
                        "value": null
                    },
                    {
                        "option": "transitionDuration",
                        "regionId": 4590,
                        "value": null
                    },
                    {
                        "option": "transitionType",
                        "regionId": 4590,
                        "value": null
                    }
                ],
                "regionPlaylist": {
                    "createdDt": "2023-09-02 14:00:57",
                    "duration": 0,
                    "enableStat": null,
                    "filterExactTags": 0,
                    "filterMediaName": null,
                    "filterMediaNameLogicalOperator": "OR",
                    "filterMediaTags": null,
                    "filterMediaTagsLogicalOperator": "OR",
                    "folderId": 1,
                    "groupsWithPermissions": null,
                    "isDynamic": 0,
                    "maxNumberOfItems": 0,
                    "modifiedDt": "2023-09-03 11:48:46",
                    "name": "Default Layout-1",
                    "owner": "xibo_admin",
                    "ownerId": 1,
                    "permissions": [
                    ],
                    "permissionsFolderId": 1,
                    "playlistId": 4648,
                    "regionId": 4590,
                    "requiresDurationUpdate": 1,
                    "tags": [
                    ],
                    "tempId": null,
                    "widgets": [
                        {
                            "actions": [
                            ],
                            "audio": [
                            ],
                            "calculatedDuration": 10,
                            "createdDt": 1693659560,
                            "displayOrder": 1,
                            "duration": 0,
                            "folderId": 1,
                            "fromDt": 0,
                            "isDynamic": 0,
                            "isNew": false,
                            "isValid": false,
                            "mediaIds": [
                                136646
                            ],
                            "modifiedDt": 1693663946,
                            "ownerId": 1,
                            "permissions": [
                            ],
                            "permissionsFolderId": 1,
                            "playlist": "Default Layout-1",
                            "playlistId": 4648,
                            "schemaVersion": 1,
                            "tempId": null,
                            "tempWidgetId": null,
                            "toDt": 2147483647,
                            "transitionDurationIn": null,
                            "transitionDurationOut": null,
                            "transitionIn": null,
                            "transitionOut": null,
                            "type": "image",
                            "useDuration": 0,
                            "widgetId": 8177,
                            "widgetOptions": [
                                {
                                    "option": "deleteOnExpiry",
                                    "type": "attrib",
                                    "value": "0",
                                    "widgetId": 8177
                                },
                                {
                                    "option": "enableStat",
                                    "type": "attrib",
                                    "value": "Inherit",
                                    "widgetId": 8177
                                },
                                {
                                    "option": "name",
                                    "type": "attrib",
                                    "value": "",
                                    "widgetId": 8177
                                },
                                {
                                    "option": "scaleType",
                                    "type": "attrib",
                                    "value": "fit",
                                    "widgetId": 8177
                                },
                                {
                                    "option": "uri",
                                    "type": "attrib",
                                    "value": "127746.png",
                                    "widgetId": 8177
                                }
                            ]
                        }
                    ]
                },
                "syncKey": null,
                "tempId": null,
                "top": 21,
                "type": "frame",
                "width": 408,
                "zIndex": 1
            }
        ],
        "retired": 0,
        "schemaVersion": 4,
        "status": 1,
        "statusMessage": null,
        "tags": [
            {
                "tag": "imported",
                "tagId": 62,
                "value": null
            }
        ],
        "width": 1920
    },
    "regions": {
        "4590": "Default Layout-1",
        "4600": "",
        "4601": ""
    }
}