<?xml version="1.0"?>
<layout schemaVersion="2" width="1920" height="1080" bgcolor="#000000" background="" resolutionid="9">
  <region id="47ff29524ce1b" width="1920" height="935.99999999999" top="0" left="0" userId="1">
    <media id="522caef6e13cb6c9fe5fac15dde59ef7" type="text" duration="15" lkid="" userId="1" schemaVersion="1" render="native">
                            <options><xmds>1</xmds><direction>none</direction><scrollSpeed>2</scrollSpeed><fitText>0</fitText></options>
                            <raw><text><![CDATA[<p style="text-align: center;"><span style="font-size:168px;"><strong><span style="font-family:arial,helvetica,sans-serif;"><span style="color:#FFFFFF;">Welcome to Xibo</span></span></strong></span></p>

<p style="text-align: center;"><span style="font-size:80px;"><span style="font-family:arial,helvetica,sans-serif;"><span style="color:#FFFFFF;">Open Source Digital Signage</span></span></span></p>

<p style="text-align: center;"><span style="font-size:48px;"><span style="color:#D3D3D3;"><span style="font-family:arial,helvetica,sans-serif;">This is the default layout - please feel free to change it whenever you like.</span></span></span></p>
]]></text></raw>
                    </media>
  </region>
  <region id="53654d56726e0" userId="1" width="432" height="129.23076923077" top="940.78846153846" left="1470.4903846154">
    <media id="11846d5d9f686fb75fc9dad0b19ca9de" type="text" duration="10" lkid="" userId="1" schemaVersion="1" render="native">
                            <options><xmds>1</xmds><direction>none</direction><scrollSpeed>2</scrollSpeed><fitText>0</fitText></options>
                            <raw><text><![CDATA[<p style="text-align: right;"><span style="font-size:96px;"><span style="font-family:arial,helvetica,sans-serif;"><span style="color:#D3D3D3;">[Clock]</span></span></span></p>
]]></text></raw>
                    </media>
  <options><transOut/><transOutDuration>0</transOutDuration><transOutDirection/></options></region>
  <tags>
    <tag>default</tag>
  </tags>
</layout>
