[{"file":"xibo_logo_square.png","mediaid":446,"name":"Logo","type":"image","duration":10,"background":0,"font":0},{"file":"default layout3 background.jpg","mediaid":889,"name":"Default Layout Background","type":"image","duration":10,"background":1,"font":0},{"file":"Open Sans Regular.ttf","mediaid":886,"name":"Open Sans Regular","type":"font","duration":10,"background":0,"font":1},{"file":"Open Sans Regular.ttf","mediaid":886,"name":"Open Sans Regular","type":"font","duration":10,"background":0,"font":1},{"file":"Open Sans Regular.ttf","mediaid":886,"name":"Open Sans Regular","type":"font","duration":10,"background":0,"font":1},{"file":"Open Sans Regular.ttf","mediaid":886,"name":"Open Sans Regular","type":"font","duration":10,"background":0,"font":1},{"file":"Open Sans Regular.ttf","mediaid":886,"name":"Open Sans Regular","type":"font","duration":10,"background":0,"font":1},{"file":"Open Sans Regular.ttf","mediaid":886,"name":"Open Sans Regular","type":"font","duration":10,"background":0,"font":1}]
