{"layout":"L shape left","description":"3 regions in an L shape, on the left","regions":{"4513":"L shaped left-0","4514":"L shaped left-1","4515":"L shaped left-2"},"drawers":[],"layoutDefinitions":{"layoutId":2374,"ownerId":4,"campaignId":1197,"parentId":null,"publishedStatusId":1,"publishedStatus":"Published","publishedDate":null,"backgroundImageId":null,"schemaVersion":3,"layout":"L shape left","description":"3 regions in an L shape, on the left","backgroundColor":"#000","createdDt":"2023-05-18T20:07:27.000000Z","modifiedDt":"2023-05-18T20:09:18.000000Z","status":4,"retired":0,"backgroundzIndex":0,"width":1920,"height":1080,"orientation":"landscape","displayOrder":null,"duration":0,"statusMessage":"[\"Empty Region\"]","enableStat":1,"autoApplyTransitions":1,"code":"","regions":[{"regionId":4513,"layoutId":2374,"ownerId":4,"name":"L shaped left-0","width":1536,"height":864,"top":0,"left":384,"zIndex":0,"regionOptions":[],"permissions":[],"duration":0,"isDrawer":0,"actions":[],"tempId":null,"regionPlaylist":{"playlistId":4570,"ownerId":4,"name":"L shaped left-0","regionId":4513,"isDynamic":0,"filterMediaName":null,"filterMediaNameLogicalOperator":"OR","filterMediaTags":null,"filterExactTags":"0","filterMediaTagsLogicalOperator":"OR","maxNumberOfItems":0,"createdDt":"2023-05-18 21:07:27","modifiedDt":"2023-05-18 21:07:27","duration":0,"requiresDurationUpdate":1,"enableStat":null,"tags":[],"widgets":[],"permissions":[],"tempId":null,"owner":"dan","groupsWithPermissions":null,"folderId":34,"permissionsFolderId":1}},{"regionId":4514,"layoutId":2374,"ownerId":4,"name":"L shaped left-1","width":1920,"height":216,"top":864,"left":0,"zIndex":0,"regionOptions":[],"permissions":[],"duration":0,"isDrawer":0,"actions":[],"tempId":null,"regionPlaylist":{"playlistId":4571,"ownerId":4,"name":"L shaped left-1","regionId":4514,"isDynamic":0,"filterMediaName":null,"filterMediaNameLogicalOperator":"OR","filterMediaTags":null,"filterExactTags":"0","filterMediaTagsLogicalOperator":"OR","maxNumberOfItems":0,"createdDt":"2023-05-18 21:07:27","modifiedDt":"2023-05-18 21:07:27","duration":0,"requiresDurationUpdate":1,"enableStat":null,"tags":[],"widgets":[],"permissions":[],"tempId":null,"owner":"dan","groupsWithPermissions":null,"folderId":34,"permissionsFolderId":1}},{"regionId":4515,"layoutId":2374,"ownerId":4,"name":"L shaped left-2","width":384,"height":864,"top":0,"left":0,"zIndex":0,"regionOptions":[],"permissions":[],"duration":0,"isDrawer":0,"actions":[],"tempId":null,"regionPlaylist":{"playlistId":4572,"ownerId":4,"name":"L shaped left-2","regionId":4515,"isDynamic":0,"filterMediaName":null,"filterMediaNameLogicalOperator":"OR","filterMediaTags":null,"filterExactTags":"0","filterMediaTagsLogicalOperator":"OR","maxNumberOfItems":0,"createdDt":"2023-05-18 21:07:27","modifiedDt":"2023-05-18 21:07:27","duration":0,"requiresDurationUpdate":1,"enableStat":null,"tags":[],"widgets":[],"permissions":[],"tempId":null,"owner":"dan","groupsWithPermissions":null,"folderId":34,"permissionsFolderId":1}}],"tags":[{"tag":"template"}],"drawers":[],"actions":[],"permissions":[],"campaigns":[],"owner":"dan","groupsWithPermissions":null,"folderId":34,"permissionsFolderId":1}}